,City,City Latitude,City Longitude,Temperature (F),Max Temperature (F),Humidity (%),Cloud Coverage (%),Wind Speed (mph),City Country,City Datetime
0,port blair,11.67,92.75,84.07,84.07,74.0,4.0,8.28,IN,1604202289.0
1,kakonko,-3.28,30.96,61.97,61.97,85.0,50.0,0.89,TZ,1604202290.0
2,saint george,37.1,-113.58,59.09,60.8,17.0,1.0,3.36,US,1604202290.0
3,rikitea,-23.12,-134.97,75.9,75.9,72.0,0.0,9.44,PF,1604202290.0
4,punta arenas,-53.15,-70.92,44.6,44.6,87.0,0.0,5.82,CL,1604202290.0
5,hermanus,-34.42,19.23,55.0,55.0,84.0,8.0,4.0,ZA,1604202267.0
6,staryy nadym,65.61,72.68,29.64,29.64,98.0,65.0,11.81,RU,1604202291.0
7,cape town,-33.93,18.42,58.28,59.0,58.0,0.0,14.99,ZA,1604202134.0
8,hambantota,6.12,81.12,84.85,84.85,67.0,71.0,3.27,LK,1604202263.0
9,saskylakh,71.92,114.08,-6.63,-6.63,86.0,36.0,8.19,RU,1604202292.0
10,saint-philippe,-21.36,55.77,66.9,69.8,73.0,90.0,8.05,RE,1604202292.0
11,east london,-33.02,27.91,62.6,62.6,77.0,20.0,6.93,ZA,1604202292.0
12,hobart,-42.88,147.33,61.36,64.99,67.0,75.0,9.17,AU,1604202232.0
13,chokurdakh,70.63,147.92,-9.04,-9.04,92.0,97.0,9.78,RU,1604202292.0
14,teluk nibung,3.0,99.82,87.15,87.15,57.0,100.0,4.88,ID,1604202293.0
15,carnarvon,-24.87,113.63,75.2,75.2,60.0,75.0,18.34,AU,1604202293.0
16,vaini,-21.2,-175.2,78.8,78.8,78.0,75.0,13.87,TO,1604202293.0
17,kodiak,57.79,-152.41,33.8,33.8,37.0,1.0,11.41,US,1604202293.0
18,busselton,-33.65,115.33,59.2,61.0,81.0,100.0,10.13,AU,1604202293.0
19,kichmengskiy gorodok,59.98,45.79,28.24,28.24,98.0,8.0,1.66,RU,1604202293.0
20,kapaa,22.08,-159.32,79.11,80.6,69.0,75.0,8.95,US,1604202270.0
21,kegayli,-19.55,169.27,79.74,79.74,73.0,75.0,14.07,VU,1604202294.0
22,jahrom,70.47,-68.59,6.8,6.8,92.0,90.0,17.22,CA,1604202294.0
23,isangel,-28.77,114.6,59.0,59.0,93.0,75.0,11.41,AU,1604202294.0
24,clyde river,-23.7,133.88,87.8,87.8,13.0,0.0,8.05,AU,1604202128.0
25,geraldton,-13.7,-76.22,61.32,62.01,87.0,42.0,2.24,PE,1604202294.0
26,alice springs,-54.8,-68.3,46.4,46.4,93.0,75.0,6.93,AR,1604202294.0
27,pisco,-46.28,169.85,57.0,57.0,73.0,94.0,15.01,NZ,1604202294.0
28,mys shmidta,78.22,15.64,21.2,21.2,73.0,20.0,13.87,SJ,1604202295.0
29,vaitupu,15.85,-97.07,78.87,78.87,74.0,10.0,4.21,MX,1604202295.0
30,ushuaia,65.61,-37.64,32.0,32.0,96.0,100.0,3.36,GL,1604202295.0
31,kaitangata,-9.66,20.39,62.01,62.01,88.0,68.0,1.99,AO,1604202295.0
32,longyearbyen,-2.97,119.9,81.54,81.54,57.0,100.0,1.28,ID,1604202295.0
33,puerto escondido,43.65,51.2,44.6,44.6,36.0,0.0,6.71,KZ,1604202055.0
34,tasiilaq,48.84,27.27,44.38,44.38,86.0,100.0,18.45,UA,1604202295.0
35,saurimo,-20.32,118.57,89.6,89.6,49.0,0.0,14.99,AU,1604202274.0
36,rantepao,-3.43,10.66,77.0,77.0,90.0,100.0,4.32,GA,1604202296.0
37,aktau,65.58,-171.0,22.26,22.26,90.0,0.0,8.12,RU,1604202296.0
38,nova ushytsya,22.28,113.57,78.03,80.01,69.0,20.0,2.24,CN,1604202296.0
39,port hedland,58.25,22.5,48.2,48.2,81.0,90.0,13.87,EE,1604202296.0
40,mayumba,42.6,-73.97,31.21,34.0,84.0,0.0,5.01,US,1604202276.0
41,lavrentiya,38.89,-76.51,47.07,50.0,76.0,40.0,13.87,US,1604202296.0
42,grand river south east,40.89,26.9,46.33,46.33,75.0,38.0,12.57,TR,1604202296.0
43,zhuhai,56.66,16.36,50.0,50.0,100.0,99.0,13.87,SE,1604202296.0
44,kuressaare,60.14,-45.24,29.1,29.1,90.0,55.0,23.24,GL,1604202296.0
45,albany,71.29,-156.79,24.8,24.8,62.0,90.0,11.41,US,1604202083.0
46,mayo,77.48,-69.36,5.02,5.02,81.0,0.0,4.79,GL,1604202297.0
47,malkara,-21.21,-159.78,77.0,77.0,78.0,100.0,9.17,CK,1604202297.0
48,kalmar,-46.19,168.86,53.01,53.01,85.0,100.0,15.01,NZ,1604202297.0
49,nanortalik,-37.83,140.77,66.2,66.2,59.0,0.0,8.05,AU,1604202297.0
50,barrow,37.47,-4.44,53.53,59.0,87.0,0.0,1.12,ES,1604202297.0
51,qaanaaq,29.34,104.78,60.69,60.69,70.0,100.0,1.7,CN,1604202297.0
52,avarua,18.39,42.45,57.2,57.2,64.0,0.0,2.44,SA,1604202297.0
53,mataura,65.28,-126.83,-9.4,-9.4,83.0,40.0,4.7,CA,1604202297.0
54,taolanaro,24.69,46.72,59.0,59.0,51.0,0.0,5.37,SA,1604202298.0
55,mount gambier,40.43,71.72,44.6,44.6,30.0,74.0,4.7,UZ,1604202298.0
56,cabra,51.65,11.5,52.99,54.0,91.0,100.0,3.0,DE,1604202298.0
57,zigong,-11.1,-77.61,60.76,60.76,87.0,81.0,6.04,PE,1604202298.0
58,faya,-9.8,-139.03,78.62,78.62,73.0,5.0,18.14,PF,1604202298.0
59,norman wells,71.97,102.5,-1.59,-1.59,88.0,80.0,9.98,RU,1604202298.0
60,riyadh,-20.41,57.7,71.6,71.6,64.0,20.0,14.99,MU,1604202270.0
61,komsomolskiy,36.06,136.5,68.0,68.0,40.0,75.0,12.75,JP,1604202298.0
62,hettstedt,32.67,-17.1,69.73,71.01,56.0,20.0,9.17,PT,1604202268.0
63,hualmay,37.57,140.12,63.1,64.4,48.0,75.0,11.41,JP,1604202268.0
65,khatanga,3.07,172.79,81.64,81.64,76.0,100.0,11.43,KI,1604202276.0
66,mahebourg,-20.75,-51.68,69.17,69.17,69.0,44.0,9.24,BR,1604202299.0
67,katsuyama,18.74,7.39,71.92,71.92,26.0,0.0,12.08,NE,1604202299.0
68,ponta do sol,46.62,10.7,42.8,42.8,70.0,40.0,5.82,IT,1604202299.0
69,inawashiro,19.73,-155.09,76.68,82.4,65.0,90.0,5.82,US,1604202299.0
70,otjiwarongo,5.41,100.34,83.05,84.2,74.0,20.0,4.7,MY,1604202061.0
71,butaritari,-33.01,17.94,53.6,53.6,58.0,0.0,3.36,ZA,1604202299.0
72,tres lagoas,58.75,17.01,50.0,50.0,87.0,75.0,14.99,SE,1604202300.0
73,arlit,60.92,-46.05,24.8,24.8,85.0,82.0,1.12,GL,1604202300.0
74,lasa,-22.97,-42.03,70.63,70.63,79.0,46.0,14.34,BR,1604202300.0
75,hilo,63.84,23.13,46.26,46.99,93.0,75.0,13.87,FI,1604202300.0
76,georgetown,62.46,-114.35,23.0,23.0,92.0,90.0,9.17,CA,1604202300.0
77,saldanha,38.52,-28.7,69.17,69.17,92.0,68.0,24.52,PT,1604202300.0
78,wa,-3.77,-61.64,71.87,71.87,95.0,77.0,3.65,BR,1604202300.0
79,nykoping,68.75,161.3,10.53,10.53,88.0,100.0,2.37,RU,1604202292.0
80,narsaq,-34.53,20.04,46.4,46.4,93.0,35.0,3.36,ZA,1604202301.0
81,arraial do cabo,65.58,22.15,35.6,35.6,100.0,100.0,2.24,SE,1604202301.0
82,kokkola,71.69,128.87,-4.29,-4.29,90.0,54.0,8.14,RU,1604202301.0
83,yellowknife,-15.77,128.73,98.6,98.6,35.0,40.0,9.17,AU,1604202301.0
84,ribeira grande,54.08,-0.19,48.06,48.2,81.0,100.0,12.75,GB,1604202301.0
85,crab hill,-0.74,-90.35,70.0,70.0,91.0,86.0,1.99,EC,1604202301.0
86,anori,-24.79,-50.01,52.65,52.65,91.0,62.0,8.14,BR,1604202254.0
87,cherskiy,-17.53,146.03,90.0,90.0,28.0,0.0,3.0,AU,1604202301.0
88,bredasdorp,16.94,104.71,83.23,84.2,66.0,20.0,4.7,TH,1604202302.0
89,lulea,64.89,-23.71,41.77,41.77,78.0,86.0,10.56,IS,1604202287.0
90,tiksi,4.14,96.13,86.0,86.0,61.0,100.0,3.33,ID,1604202302.0
91,kununurra,-46.6,168.33,53.01,53.01,85.0,99.0,15.01,NZ,1604202269.0
92,bridlington,69.7,170.31,15.82,15.82,93.0,83.0,12.95,RU,1604202302.0
93,puerto ayora,2.89,-72.13,73.06,73.06,98.0,100.0,4.38,CO,1604202302.0
94,castro,-11.33,-74.53,64.8,64.8,81.0,67.0,1.57,PE,1604202302.0
95,innisfail,55.74,-97.86,8.6,8.6,84.0,5.0,6.93,CA,1604202013.0
96,khonuu,71.04,27.85,36.95,36.95,80.0,0.0,13.24,NO,1604202303.0
97,that phanom,-37.62,-73.65,51.08,51.08,89.0,25.0,5.08,CL,1604202269.0
98,olafsvik,-33.92,25.57,62.6,62.6,82.0,20.0,6.93,ZA,1604202303.0
99,meulaboh,39.03,121.69,60.8,60.8,23.0,0.0,11.18,CN,1604202303.0
100,bluff,28.65,70.66,83.16,83.16,13.0,0.0,5.37,PK,1604202303.0
101,pevek,-20.47,22.72,73.47,73.47,30.0,98.0,7.34,BW,1604202303.0
102,mapiripan,49.28,1.78,52.72,53.6,87.0,0.0,6.93,FR,1604202304.0
103,mazamari,66.32,-179.17,12.58,12.58,82.0,2.0,2.64,RU,1604202304.0
104,thompson,57.41,-6.19,45.0,45.0,87.0,98.0,23.0,GB,1604202304.0
105,mehamn,65.42,-52.9,19.92,19.92,94.0,100.0,9.98,GL,1604202305.0
106,lebu,59.64,-151.55,24.85,28.99,42.0,1.0,3.36,US,1604202305.0
107,port elizabeth,44.9,-89.77,42.85,44.6,48.0,90.0,20.8,US,1604202305.0
108,dalianwan,50.25,-99.84,21.2,21.2,73.0,20.0,11.41,CA,1604202305.0
109,khanpur,61.99,-49.67,24.31,24.31,96.0,100.0,9.04,GL,1604202303.0
110,sehithwa,17.02,54.09,69.8,69.8,37.0,0.0,3.36,OM,1604202306.0
111,gisors,-17.02,-72.01,64.83,64.83,75.0,77.0,6.91,PE,1604202306.0
112,egvekinot,44.83,-106.92,30.38,30.99,80.0,1.0,4.5,US,1604202306.0
113,portree,-4.85,21.57,67.23,67.23,99.0,94.0,0.76,CD,1604202306.0
114,maniitsoq,-20.33,-40.29,69.8,69.8,94.0,90.0,5.82,BR,1604202306.0
115,homer,54.32,-130.32,48.76,50.0,87.0,90.0,16.11,CA,1604202305.0
116,marathon,-4.2,36.93,59.94,59.94,88.0,52.0,6.24,TZ,1604202307.0
117,minnedosa,69.45,-133.04,-4.0,-4.0,76.0,40.0,5.82,CA,1604202268.0
118,paamiut,5.56,95.32,86.14,86.14,63.0,86.0,8.28,ID,1604202036.0
119,salalah,47.67,-52.73,30.65,32.0,63.0,40.0,16.11,CA,1604202307.0
120,mollendo,32.47,14.57,68.68,68.68,67.0,63.0,6.73,LY,1604202308.0
121,sheridan,-35.1,173.78,72.81,72.81,56.0,5.0,9.01,NZ,1604202301.0
122,mweka,42.9,133.91,56.25,56.25,75.0,36.0,12.41,RU,1604202308.0
123,vila velha,73.51,80.55,21.09,21.09,98.0,100.0,8.59,RU,1604202308.0
124,prince rupert,-17.83,-149.27,82.4,82.4,61.0,75.0,9.17,PF,1604202308.0
125,naberera,-38.0,-57.56,56.59,59.0,93.0,0.0,6.4,AR,1604202128.0
126,tuktoyaktuk,47.38,-61.86,37.4,37.4,59.0,4.0,14.99,CA,1604202226.0
127,banda aceh,8.0,124.29,88.0,88.0,66.0,100.0,7.0,PH,1604202309.0
128,torbay,-14.47,132.27,102.2,102.2,16.0,25.0,19.46,AU,1604202309.0
129,zlitan,-23.65,-70.4,59.0,59.0,82.0,90.0,6.93,CL,1604202125.0
130,kaeo,-33.7,-53.46,50.77,50.77,87.0,0.0,0.31,UY,1604202309.0
131,preobrazheniye,-30.18,-50.21,61.3,61.3,75.0,26.0,5.46,BR,1604202310.0
132,dikson,10.4,5.47,72.75,72.75,36.0,69.0,2.98,NG,1604202310.0
133,teahupoo,64.5,-165.41,20.46,21.2,79.0,1.0,6.93,US,1604202310.0
134,mar del plata,42.1,-79.24,37.69,39.0,74.0,1.0,12.75,US,1604202205.0
135,cap-aux-meules,-34.58,150.86,62.15,63.0,88.0,99.0,7.0,AU,1604202310.0
136,illoqqortoormiut,-5.2,-35.46,75.2,75.2,94.0,20.0,3.36,BR,1604202310.0
137,marawi,50.68,156.12,43.29,43.29,76.0,30.0,15.73,RU,1604202311.0
138,katherine,42.33,142.37,56.89,56.89,61.0,100.0,8.46,JP,1604202311.0
139,antofagasta,27.98,-114.06,68.29,68.29,69.0,51.0,9.84,MX,1604202311.0
140,chuy,47.57,-59.14,35.69,35.69,81.0,90.0,17.2,CA,1604202311.0
141,cidreira,-10.62,150.67,83.37,83.37,76.0,88.0,9.71,PG,1604202312.0
142,kontagora,19.67,97.21,78.08,78.08,76.0,62.0,2.39,MM,1604202312.0
143,nome,62.72,129.67,-7.6,-7.6,76.0,40.0,2.26,RU,1604202312.0
144,jamestown,6.04,80.22,83.34,83.34,73.0,93.0,8.01,LK,1604202312.0
145,flinders,-46.13,167.68,53.01,53.01,85.0,94.0,15.01,NZ,1604202312.0
146,touros,42.78,-96.93,42.24,43.0,48.0,1.0,18.34,US,1604202081.0
147,severo-kurilsk,59.7,30.79,30.49,32.0,100.0,90.0,4.47,RU,1604202313.0
148,shizunai,15.74,-96.47,77.0,77.0,88.0,33.0,3.49,MX,1604202310.0
149,guerrero negro,-28.32,27.62,54.59,54.59,80.0,100.0,14.23,ZA,1604202313.0
150,channel-port aux basques,39.18,-84.53,48.47,51.01,66.0,40.0,10.29,US,1604202082.0
151,samarai,-11.95,-75.28,47.62,47.62,73.0,71.0,0.96,PE,1604202313.0
152,barentsburg,26.33,43.98,57.2,57.2,44.0,0.0,8.86,SA,1604202314.0
153,loikaw,69.49,88.4,21.2,21.2,85.0,90.0,29.08,RU,1604202314.0
154,namtsy,6.7,101.62,87.8,87.8,66.0,20.0,5.82,TH,1604202314.0
155,galle,41.76,86.15,48.99,48.99,71.0,0.0,5.99,CN,1604202291.0
156,tuatapere,43.32,145.57,53.6,53.6,66.0,75.0,11.41,JP,1604202314.0
157,amderma,68.22,-135.01,-6.47,-2.2,84.0,70.0,3.31,CA,1604202315.0
158,vermillion,61.84,6.81,46.63,46.63,69.0,99.0,12.75,NO,1604202315.0
159,nikolskoye,-8.93,125.41,79.66,79.66,40.0,2.0,2.86,TL,1604202315.0
160,pochutla,-0.6,73.08,83.14,83.14,73.0,100.0,10.02,MV,1604202315.0
161,senekal,56.85,124.91,5.49,5.49,89.0,99.0,12.68,RU,1604202316.0
162,guajara-mirim,69.38,178.42,14.59,14.59,87.0,27.0,6.64,RU,1604202316.0
163,hamilton,-35.35,150.47,61.2,62.6,88.0,90.0,16.11,AU,1604202316.0
164,san jeronimo,42.25,-75.83,32.86,35.01,94.0,1.0,6.93,US,1604202316.0
165,buraydah,51.32,42.77,47.16,47.16,68.0,100.0,11.88,RU,1604202316.0
166,talnakh,22.89,-109.91,77.0,77.0,78.0,20.0,3.42,MX,1604202317.0
167,belushya guba,-29.68,-53.81,57.2,57.2,87.0,0.0,8.05,BR,1604202317.0
168,sai buri,35.73,140.83,66.45,68.0,59.0,75.0,3.36,JP,1604202155.0
169,korla,45.52,-122.68,49.53,52.0,71.0,20.0,6.93,US,1604202290.0
170,nemuro,29.58,-9.5,64.76,64.76,31.0,0.0,1.03,MA,1604202317.0
171,aklavik,-20.34,57.76,72.27,73.0,64.0,20.0,14.99,MU,1604202278.0
172,olden,-33.87,121.9,80.6,80.6,51.0,91.0,11.41,AU,1604202292.0
173,airai,-7.95,110.28,85.15,85.15,66.0,13.0,6.2,ID,1604202318.0
174,hithadhoo,-17.71,-39.25,73.11,73.11,96.0,100.0,6.08,BR,1604202318.0
175,chulman,-23.32,-46.22,59.9,60.8,82.0,75.0,6.93,BR,1604202318.0
176,leningradskiy,-20.42,-63.28,59.54,59.54,55.0,0.0,4.99,BO,1604202319.0
177,jomalig,50.1,-91.92,21.2,21.2,79.0,90.0,20.8,CA,1604202319.0
178,ulladulla,55.31,79.68,35.13,35.13,89.0,96.0,16.78,RU,1604202319.0
179,broome,-10.45,161.92,85.64,85.64,66.0,51.0,7.18,SB,1604202319.0
180,kamenka,29.98,75.38,74.95,74.95,18.0,0.0,5.03,IN,1604202320.0
181,saleaula,21.44,-157.84,78.48,82.4,61.0,1.0,9.17,US,1604202320.0
182,cabo san lucas,1.0,-52.0,73.04,73.04,96.0,29.0,2.06,BR,1604202320.0
183,santa maria,-7.84,-79.15,62.42,62.42,83.0,62.0,3.91,PE,1604202320.0
184,candawaga,57.77,29.56,42.8,42.8,93.0,2.0,4.47,RU,1604202321.0
185,hasaki,-38.55,-58.74,50.0,50.0,82.0,0.0,5.01,AR,1604202321.0
186,fort saint john,29.04,114.56,60.85,60.85,92.0,100.0,1.72,CN,1604202321.0
187,portland,32.35,-85.2,60.12,60.8,72.0,90.0,3.69,US,1604202304.0
188,umzimvubu,-19.77,-43.85,65.01,66.2,88.0,75.0,5.82,BR,1604202321.0
189,tiznit,11.0,122.67,82.49,82.49,82.0,100.0,14.27,PH,1604202279.0
190,bambous virieux,53.19,107.34,25.23,25.23,85.0,86.0,12.15,RU,1604202321.0
191,esperance,24.56,-81.78,83.75,87.8,78.0,20.0,11.41,US,1604202223.0
192,bambanglipuro,-33.3,-66.34,64.31,64.31,29.0,0.0,13.71,AR,1604202103.0
193,caravelas,17.65,83.27,84.2,84.2,62.0,9.0,5.82,IN,1604202322.0
194,santa isabel,8.93,8.6,71.67,71.67,49.0,100.0,2.1,NG,1604202322.0
195,boyuibe,-23.86,35.38,73.71,73.71,68.0,39.0,11.95,MZ,1604202290.0
196,sioux lookout,-20.74,116.85,84.72,84.72,48.0,2.0,19.73,AU,1604202322.0
197,ubinskoye,-3.67,152.43,86.22,86.22,66.0,20.0,4.63,PG,1604202322.0
198,kirakira,40.6,-124.16,46.99,46.99,92.0,0.0,2.17,US,1604202322.0
199,mansa,37.17,-119.83,61.61,64.0,34.0,0.0,4.59,US,1604202322.0
200,ahuimanu,72.79,-56.15,16.02,16.02,95.0,99.0,11.32,GL,1604202262.0
201,amapa,66.77,123.37,1.26,1.26,93.0,98.0,9.08,RU,1604202323.0
202,chicama,40.13,124.39,56.35,56.35,35.0,34.0,11.03,CN,1604202323.0
203,porkhov,26.54,-77.06,79.74,79.74,82.0,11.0,18.3,BS,1604202323.0
204,necochea,-3.48,23.43,67.03,67.03,96.0,91.0,0.96,CD,1604202323.0
205,yining,-34.48,-54.33,46.62,46.62,91.0,0.0,2.57,UY,1604202324.0
206,russell,-34.05,23.37,57.25,57.25,79.0,0.0,3.18,ZA,1604202324.0
207,santa luzia,-16.48,-151.75,79.47,79.47,78.0,1.0,18.45,PF,1604202324.0
208,dingle,27.92,96.17,73.4,73.4,78.0,100.0,0.51,IN,1604202324.0
209,khuzhir,68.53,146.42,-4.54,-4.54,90.0,86.0,4.54,RU,1604202325.0
210,key west,15.0,-83.23,79.66,79.66,87.0,100.0,11.3,HN,1604202325.0
211,san luis,-41.41,175.52,62.33,64.4,63.0,5.0,23.04,NZ,1604202325.0
212,yarada,-2.02,147.27,84.7,84.7,76.0,26.0,7.18,PG,1604202325.0
213,wamba,-28.47,-65.79,50.0,50.0,65.0,4.0,10.71,AR,1604202326.0
214,inhambane,18.73,-103.68,77.11,77.11,84.0,36.0,1.9,MX,1604202326.0
215,karratha,40.66,-73.58,46.09,50.0,57.0,90.0,3.36,US,1604202275.0
216,namatanai,-33.59,26.89,62.53,62.53,80.0,37.0,12.73,ZA,1604202326.0
217,fortuna,-2.32,-78.12,66.96,66.96,82.0,100.0,1.19,EC,1604202326.0
218,madera,55.53,101.05,17.96,17.96,81.0,0.0,1.01,RU,1604202326.0
219,urfa,-20.21,57.76,72.34,73.0,64.0,20.0,14.99,MU,1604202327.0
220,upernavik,67.67,12.69,44.64,44.64,76.0,100.0,28.95,NO,1604202327.0
221,zhigansk,60.47,166.1,27.07,27.07,93.0,100.0,6.31,RU,1604202284.0
222,dandong,28.66,-17.92,73.4,73.4,33.0,0.0,8.05,ES,1604202327.0
223,marsh harbour,35.57,53.4,58.53,58.53,33.0,0.0,1.28,IR,1604202328.0
224,lodja,59.36,5.22,51.66,53.01,76.0,70.0,14.99,NO,1604202328.0
225,matameye,68.35,-133.72,-6.57,-2.2,84.0,46.0,1.81,CA,1604202082.0
226,rocha,-2.88,-78.98,55.4,55.4,71.0,99.0,4.7,EC,1604202328.0
227,cockburn harbour,20.52,-13.05,80.51,80.51,17.0,100.0,9.4,MR,1604202328.0
228,plettenberg bay,-11.78,19.92,61.45,61.45,83.0,28.0,4.45,AO,1604202328.0
229,faanui,46.25,3.58,53.4,57.0,93.0,0.0,4.7,FR,1604202235.0
230,tezu,-13.54,23.1,66.49,66.49,59.0,60.0,3.71,ZM,1604202328.0
231,mahaicony,48.65,-53.11,29.39,30.99,68.0,47.0,6.93,CA,1604202329.0
232,belaya gora,49.65,-108.42,30.2,30.2,68.0,85.0,3.36,CA,1604202329.0
233,iralaya,29.46,-95.05,59.05,62.01,82.0,1.0,3.04,US,1604202120.0
234,waipawa,-24.76,-51.76,54.07,54.07,87.0,38.0,8.48,BR,1604202329.0
235,lorengau,51.15,37.89,52.66,52.66,90.0,100.0,12.01,RU,1604202329.0
236,catamarca,57.05,-135.33,48.2,48.2,93.0,90.0,5.82,US,1604202330.0
237,coahuayana,28.37,129.48,79.68,80.6,69.0,75.0,8.05,JP,1604202330.0
238,freeport,-0.45,39.64,76.64,76.64,77.0,19.0,13.06,KE,1604202330.0
239,port alfred,-12.02,17.48,60.93,60.93,89.0,98.0,1.59,AO,1604202184.0
240,macas,-42.78,147.06,62.02,64.99,57.0,95.0,3.0,AU,1604202272.0
241,pokosnoye,62.67,135.6,-1.35,-1.35,83.0,4.0,1.12,RU,1604202331.0
242,quatre cocos,34.67,138.95,62.29,62.6,63.0,75.0,9.17,JP,1604202331.0
243,sorland,-22.67,167.48,74.39,74.39,83.0,0.0,16.02,NC,1604202331.0
244,tilichiki,26.18,127.76,82.4,82.4,42.0,20.0,16.11,JP,1604202331.0
245,rungata,6.58,3.75,78.8,78.8,94.0,20.0,2.17,NG,1604202331.0
246,los llanos de aridane,30.44,61.84,64.26,64.26,20.0,0.0,4.27,AF,1604202331.0
247,semnan,28.02,-97.52,63.41,64.99,93.0,1.0,4.7,US,1604202332.0
248,visnes,-33.46,-70.65,61.72,64.0,72.0,0.0,8.05,CL,1604202332.0
249,inuvik,44.5,0.67,52.7,57.0,100.0,90.0,8.05,FR,1604202332.0
250,cuenca,66.15,-65.71,17.6,17.6,57.0,75.0,6.93,CA,1604202332.0
251,atar,56.8,59.93,33.8,33.8,100.0,90.0,11.18,RU,1604202332.0
252,luena,65.85,74.49,25.38,25.38,98.0,77.0,11.16,RU,1604202332.0
253,vichy,-18.65,-173.98,77.0,77.0,88.0,90.0,23.94,TO,1604202333.0
254,zambezi,69.41,86.18,21.2,21.2,85.0,90.0,29.08,RU,1604202333.0
255,bonavista,69.22,-51.1,21.2,21.2,73.0,100.0,11.41,GL,1604202333.0
256,ayer itam,-9.08,143.21,84.0,84.0,74.0,36.0,13.22,PG,1604202333.0
257,shaunavon,-28.65,153.62,81.41,84.99,50.0,40.0,14.99,AU,1604202243.0
258,dickinson,64.38,-173.3,22.57,22.57,88.0,0.0,5.75,RU,1604202268.0
259,pitanga,51.1,66.32,38.68,38.68,69.0,100.0,8.1,KZ,1604202333.0
260,novikovo,5.96,125.66,82.4,82.4,83.0,75.0,2.24,PH,1604202334.0
261,sitka,33.08,-16.33,66.2,66.2,93.0,20.0,6.93,PT,1604202286.0
262,litoral del san juan,-9.88,-56.09,72.3,72.3,94.0,81.0,3.51,BR,1604202334.0
263,attawapiskat,8.82,40.52,61.3,61.3,80.0,37.0,1.54,ET,1604202334.0
264,louisbourg,9.54,-13.68,79.86,79.86,81.0,77.0,5.88,GN,1604202334.0
265,naze,40.16,-8.33,62.13,63.0,92.0,100.0,1.01,PT,1604202334.0
266,garissa,37.46,-122.43,59.13,61.0,67.0,5.0,5.3,US,1604202210.0
267,camacupa,57.07,93.44,27.64,27.64,97.0,100.0,7.07,RU,1604202335.0
268,new norfolk,-13.13,39.0,69.4,69.4,85.0,0.0,2.44,MZ,1604202335.0
269,khandyga,58.84,125.49,4.01,4.01,89.0,97.0,2.62,RU,1604202335.0
270,shimoda,47.83,-2.5,61.39,62.01,100.0,90.0,13.87,FR,1604202335.0
271,vao,14.03,-84.59,74.1,74.1,90.0,100.0,3.58,NI,1604202335.0
272,nishihara,39.05,-27.98,68.65,68.65,92.0,80.0,29.33,PT,1604202336.0
273,lagos,9.49,50.81,77.86,77.86,79.0,3.0,17.9,SO,1604202336.0
274,warqla,48.96,-65.5,28.4,28.4,54.0,21.0,11.41,CA,1604202222.0
275,mirabad,7.04,134.26,80.6,80.6,88.0,90.0,6.93,PW,1604202336.0
276,san patricio,7.77,-72.22,66.97,66.97,88.0,100.0,1.66,VE,1604202280.0
277,santiago,11.85,13.16,72.45,72.45,43.0,3.0,5.12,NG,1604202337.0
278,villeneuve-sur-lot,21.46,-71.14,82.38,82.38,78.0,99.0,20.11,TC,1604202337.0
279,samusu,61.15,149.63,24.19,24.19,96.0,100.0,0.87,RU,1604202337.0
280,pangnirtung,47.8,3.57,59.25,60.01,88.0,100.0,1.01,FR,1604202337.0
281,revda,52.47,96.11,30.33,30.33,85.0,100.0,1.48,RU,1604202338.0
282,pangody,20.71,70.98,83.1,83.1,39.0,0.0,10.58,IN,1604202338.0
283,neiafu,-6.88,112.21,77.29,77.29,85.0,99.0,2.77,ID,1604202338.0
284,dudinka,48.83,-72.53,29.73,32.0,74.0,94.0,8.05,CA,1604202338.0
285,ilulissat,46.54,138.33,52.61,52.61,71.0,88.0,13.76,RU,1604202338.0
286,daru,51.07,-1.8,52.2,53.01,81.0,100.0,18.34,GB,1604202119.0
287,byron bay,14.97,8.89,72.05,72.05,22.0,2.0,13.47,NE,1604202339.0
288,provideniya,44.13,4.08,52.0,52.0,9.0,55.0,1.99,FR,1604202339.0
289,derzhavinsk,-5.67,132.75,83.61,83.61,76.0,64.0,14.18,ID,1604202339.0
290,culaman,35.13,140.3,64.08,66.99,59.0,75.0,6.93,JP,1604202339.0
291,camacha,53.45,108.98,28.22,28.22,89.0,99.0,9.82,RU,1604202340.0
292,alta floresta,39.49,16.96,51.01,51.01,92.0,30.0,1.01,IT,1604202340.0
293,gelemso,-45.58,-72.07,51.8,51.8,66.0,0.0,5.82,CL,1604202340.0
294,conakry,51.5,156.52,42.85,42.85,70.0,22.0,8.61,RU,1604202340.0
295,lata,62.23,-6.59,44.6,44.6,87.0,95.0,25.28,FO,1604202341.0
296,half moon bay,60.73,77.59,32.0,32.0,99.0,90.0,11.18,RU,1604202341.0
297,predivinsk,41.96,42.96,53.6,53.6,100.0,46.0,2.24,GE,1604202341.0
298,montepuez,-6.13,12.37,77.14,77.14,85.0,100.0,8.84,AO,1604202341.0
299,nizhniy kuranakh,69.3,139.9,-12.35,-12.35,90.0,87.0,5.46,RU,1604202341.0
300,vannes,60.42,134.53,2.3,2.3,88.0,49.0,3.67,RU,1604202342.0
301,bonanza,70.86,29.09,37.29,37.29,80.0,6.0,16.55,NO,1604202342.0
302,lagoa,18.2,-73.75,78.67,78.67,80.0,100.0,3.11,HT,1604202342.0
303,bandarbeyla,15.11,36.66,79.39,79.39,39.0,3.0,3.76,ER,1604202342.0
304,sentyabrskiy,42.82,23.22,41.0,41.0,93.0,40.0,5.82,BG,1604202342.0
305,murdochville,29.36,112.4,59.43,59.43,93.0,100.0,6.24,CN,1604202342.0
306,kloulklubed,13.51,7.78,75.72,75.72,20.0,1.0,9.69,NE,1604202342.0
307,san cristobal,-27.61,-48.5,64.4,64.4,72.0,40.0,3.36,BR,1604202322.0
308,maiduguri,62.88,152.43,13.59,13.59,94.0,97.0,6.04,RU,1604202343.0
309,cockburn town,-3.8,102.27,84.58,84.58,64.0,95.0,4.97,ID,1604202177.0
310,ust-omchug,-11.37,38.42,76.08,76.08,74.0,57.0,3.02,TZ,1604202343.0
311,auxerre,61.94,5.11,50.58,51.01,87.0,87.0,34.45,NO,1604202343.0
312,toora-khem,-13.78,14.68,61.2,61.2,80.0,100.0,3.62,AO,1604202343.0
313,diu,39.47,-87.41,49.78,52.0,66.0,1.0,5.82,US,1604202343.0
314,labuhan,25.52,90.22,75.69,75.69,89.0,94.0,1.01,IN,1604202344.0
315,normandin,-0.88,131.25,84.34,84.34,78.0,43.0,12.57,ID,1604202344.0
316,svetlaya,46.43,26.4,45.88,46.4,81.0,75.0,19.46,RO,1604202344.0
317,salisbury,-12.73,45.2,77.0,77.0,83.0,0.0,5.82,YT,1604202344.0
318,tanout,37.72,-25.43,68.0,68.0,100.0,75.0,14.99,PT,1604202303.0
319,ales,29.03,21.55,61.16,61.16,68.0,15.0,6.76,LY,1604202344.0
320,tual,-22.13,48.02,69.35,69.35,69.0,33.0,4.7,MG,1604202344.0
321,katsuura,-33.46,18.73,58.41,59.0,58.0,0.0,14.99,ZA,1604202345.0
322,ust-barguzin,55.93,158.7,31.68,31.68,94.0,100.0,3.09,RU,1604202345.0
323,cariati,54.3,110.3,26.31,26.31,79.0,63.0,2.71,RU,1604202345.0
324,coihaique,-10.0,38.98,73.22,73.22,80.0,99.0,1.57,TZ,1604202345.0
325,makung,61.28,108.01,6.64,6.64,88.0,0.0,4.68,RU,1604202345.0
326,tarudant,-19.06,-169.92,78.8,78.8,83.0,44.0,19.46,NU,1604202345.0
327,ozernovskiy,26.73,86.5,82.42,82.42,51.0,32.0,2.82,NP,1604202346.0
328,sayabec,46.42,3.91,52.34,53.01,87.0,90.0,4.7,FR,1604202281.0
329,klaksvik,58.59,-3.53,48.2,48.2,70.0,85.0,12.75,GB,1604202346.0
330,strezhevoy,17.52,-101.27,75.88,75.88,77.0,99.0,3.78,MX,1604202346.0
331,manzil tamim,43.44,13.66,52.32,55.0,87.0,100.0,1.01,IT,1604202346.0
332,khani,-45.87,-67.5,51.8,51.8,81.0,0.0,3.15,AR,1604202346.0
333,rawannawi,54.28,-0.4,47.61,48.0,85.0,97.0,5.99,GB,1604202347.0
334,soyo,64.84,-147.72,7.07,10.0,92.0,90.0,1.05,US,1604202302.0
335,deputatskiy,51.67,-105.47,14.0,14.0,85.0,50.0,6.93,CA,1604202347.0
336,ust-maya,22.29,114.16,74.46,77.0,70.0,5.0,1.01,HK,1604202158.0
337,berlevag,29.06,-13.56,73.4,73.4,53.0,0.0,10.29,ES,1604202347.0
338,les cayes,21.87,-101.58,56.26,56.26,39.0,0.0,7.43,MX,1604202347.0
339,teseney,-7.53,-46.04,74.98,74.98,86.0,100.0,3.27,BR,1604202348.0
340,kostinbrod,-41.87,-73.82,49.51,50.0,87.0,0.0,5.82,CL,1604202279.0
341,nanzhou,43.75,-81.72,44.6,44.6,65.0,45.0,16.11,CA,1604202103.0
342,aguie,46.41,-105.84,35.6,35.6,55.0,1.0,1.52,US,1604202348.0
343,florianopolis,-8.14,159.59,85.42,85.42,69.0,43.0,2.84,SB,1604202348.0
344,seymchan,-1.2,-46.02,77.09,77.09,86.0,4.0,6.15,BR,1604202349.0
345,bengkulu,41.59,-109.2,39.2,39.2,35.0,1.0,8.05,US,1604202349.0
346,masuguru,-23.68,22.79,73.08,73.08,36.0,100.0,12.01,BW,1604202349.0
347,maloy,38.51,115.0,62.6,62.6,20.0,0.0,6.71,CN,1604202349.0
348,caluquembe,60.72,-46.03,24.8,24.8,85.0,57.0,1.12,GL,1604202350.0
349,tabiauea,53.75,127.27,29.89,29.89,90.0,100.0,11.52,RU,1604202350.0
350,terre haute,54.43,31.9,40.91,40.91,92.0,95.0,12.3,RU,1604202350.0
351,tura,-0.93,38.06,66.49,66.49,82.0,52.0,6.87,KE,1604202351.0
352,sorong,2.67,72.89,82.58,82.58,71.0,98.0,2.98,MV,1604202327.0
353,asau,-0.72,8.78,78.71,78.71,82.0,100.0,7.76,GA,1604202351.0
354,koungou,27.02,-108.93,75.92,77.0,51.0,96.0,3.22,MX,1604202352.0
355,vila franca do campo,-45.42,167.72,53.65,53.65,72.0,100.0,5.1,NZ,1604202352.0
356,jalu,40.47,50.33,60.8,60.8,100.0,90.0,2.24,AZ,1604202352.0
357,manakara,56.82,70.61,36.01,36.01,84.0,100.0,13.38,RU,1604202353.0
358,malmesbury,-29.95,-71.34,53.6,53.6,87.0,7.0,4.7,CL,1604202197.0
359,esso,48.14,-80.04,37.4,37.4,69.0,100.0,13.09,CA,1604202353.0
360,kurumkan,9.29,105.72,86.47,86.47,67.0,92.0,2.55,VN,1604202353.0
361,mbekenyera,-6.12,141.29,95.27,95.27,46.0,16.0,3.91,PG,1604202353.0
362,yerbogachen,14.28,74.45,85.78,85.78,56.0,0.0,2.37,IN,1604202312.0
363,alofi,52.8,28.0,41.43,41.43,94.0,42.0,7.67,BY,1604202354.0
364,lahan,10.04,-67.49,71.24,71.24,89.0,100.0,1.68,VE,1604202354.0
365,saint-francois,4.93,-52.33,77.0,77.0,100.0,75.0,3.36,GF,1604202354.0
366,thurso,13.22,-59.52,80.6,80.6,88.0,40.0,19.46,BB,1604202354.0
367,petatlan,5.1,73.07,82.27,82.27,65.0,37.0,0.78,MV,1604202354.0
368,porto recanati,39.27,141.88,59.0,59.0,62.0,75.0,11.41,JP,1604202139.0
369,comodoro rivadavia,35.51,27.21,66.2,66.2,59.0,0.0,21.92,GR,1604202354.0
370,marcona,54.05,122.9,20.84,20.84,83.0,100.0,11.79,RU,1604202355.0
371,scarborough,38.2,44.77,46.4,46.4,52.0,75.0,6.93,IR,1604202355.0
372,fairbanks,50.58,-111.89,33.37,34.0,69.0,83.0,5.82,CA,1604202286.0
373,watrous,43.21,-8.69,63.55,66.2,88.0,0.0,12.75,ES,1604202355.0
374,victoria,-20.73,139.5,95.0,95.0,10.0,15.0,11.41,AU,1604202355.0
375,teguise,-34.0,24.73,55.99,55.99,95.0,0.0,1.01,ZA,1604202355.0
377,balsas,31.57,120.29,68.0,68.0,63.0,95.0,6.4,CN,1604202356.0
378,artyk,53.51,142.97,41.34,41.34,77.0,100.0,18.32,RU,1604202356.0
379,ancud,-21.37,55.62,66.92,69.8,73.0,90.0,8.05,RE,1604202327.0
380,goderich,68.05,39.51,28.08,28.08,94.0,75.0,21.05,RU,1604202356.0
381,miles city,27.04,14.43,56.71,56.71,73.0,0.0,7.43,LY,1604202356.0
382,buala,-0.91,122.88,85.35,85.35,61.0,100.0,8.01,ID,1604202356.0
383,carutapera,9.56,44.06,63.39,63.39,79.0,0.0,8.32,SO,1604202356.0
384,rock springs,8.88,11.37,74.89,74.89,55.0,78.0,1.43,NG,1604202357.0
385,kang,14.9,-24.5,78.93,78.93,69.0,58.0,8.75,CV,1604202357.0
386,dingzhou,60.75,-137.51,10.4,10.4,66.0,100.0,6.93,CA,1604202357.0
387,qaqortoq,63.05,179.32,21.13,21.13,95.0,97.0,11.63,RU,1604202357.0
388,zeya,2.82,-60.67,82.4,82.4,78.0,40.0,2.24,BR,1604202358.0
389,sobolevo,57.31,88.17,34.36,34.36,90.0,100.0,10.85,RU,1604202358.0
390,mwingi,-43.3,-65.1,70.2,70.2,26.0,0.0,23.55,AR,1604202274.0
391,kudahuvadhoo,-28.24,-48.67,64.4,64.4,72.0,40.0,3.36,BR,1604202205.0
392,port-gentil,50.02,-125.24,39.97,41.0,100.0,75.0,2.3,CA,1604202358.0
393,alamos,32.38,15.09,69.26,69.26,62.0,54.0,8.57,LY,1604202359.0
394,te anau,25.12,62.33,76.98,76.98,19.0,0.0,9.13,PK,1604202359.0
395,artyom,31.61,34.76,69.08,71.01,100.0,98.0,1.74,IL,1604202121.0
396,vikulovo,63.28,118.33,4.41,4.41,88.0,28.0,4.5,RU,1604202359.0
397,coquimbo,35.11,32.85,59.02,62.6,77.0,40.0,6.93,CY,1604202359.0
398,kirkland lake,-1.98,32.92,68.0,68.0,94.0,40.0,5.82,TZ,1604202359.0
399,bac lieu,30.69,78.49,64.4,64.4,68.0,0.0,3.0,IN,1604202359.0
400,kiunga,57.24,107.32,17.8,17.8,85.0,100.0,4.63,RU,1604202360.0
401,honavar,-38.27,141.97,61.3,61.3,74.0,43.0,10.42,AU,1604202360.0
402,lyuban,60.96,34.02,30.88,30.88,98.0,1.0,2.46,RU,1604202360.0
404,cayenne,21.43,39.83,76.55,76.55,59.0,0.0,0.72,SA,1604202360.0
405,bathsheba,25.8,113.03,65.12,65.12,83.0,100.0,4.81,CN,1604202302.0
406,eydhafushi,26.56,54.88,71.6,71.6,94.0,0.0,4.7,IR,1604202361.0
407,kamaishi,20.45,121.97,79.3,79.3,72.0,86.0,26.75,PH,1604202361.0
408,karpathos,34.57,76.1,35.47,35.47,64.0,0.0,1.61,IN,1604202361.0
409,urusha,70.37,31.11,37.83,37.83,83.0,56.0,18.52,NO,1604202361.0
410,salmas,2.1,99.83,86.25,86.25,64.0,90.0,2.08,ID,1604202362.0
411,brooks,58.97,57.75,28.99,28.99,96.0,96.0,9.01,RU,1604202362.0
412,carballo,41.37,-73.41,34.7,36.0,86.0,90.0,1.77,US,1604202307.0
413,mount isa,4.38,-7.72,77.16,77.16,88.0,37.0,6.64,LR,1604202362.0
414,kruisfontein,-19.98,57.61,73.0,73.0,59.0,17.0,3.0,MU,1604202362.0
415,luderitz,17.33,77.9,74.16,78.01,94.0,20.0,4.7,IN,1604202362.0
416,wuxi,20.05,-99.3,54.07,54.07,82.0,4.0,2.33,MX,1604202363.0
417,ekhabi,18.8,110.4,79.2,79.2,70.0,20.0,14.25,CN,1604202363.0
418,saint-joseph,13.2,78.75,77.99,77.99,62.0,0.0,0.94,IN,1604202363.0
419,ostrovnoy,-15.2,12.15,74.26,74.26,76.0,99.0,8.05,AO,1604202364.0
420,sabha,5.38,-52.95,79.5,79.5,86.0,92.0,9.1,GF,1604202364.0
421,biak,50.7,-127.42,48.9,50.0,81.0,90.0,4.7,CA,1604202364.0
422,hargeysa,-17.88,36.89,73.2,73.4,94.0,75.0,2.24,MZ,1604202364.0
423,jalingo,39.36,-9.38,63.7,64.99,87.0,100.0,1.01,PT,1604202364.0
424,inderborskiy,34.64,-120.46,57.16,60.01,87.0,1.0,4.7,US,1604202364.0
425,sao filipe,56.17,107.45,19.87,19.87,83.0,94.0,8.05,RU,1604202365.0
426,haines junction,14.0,-11.0,68.0,68.0,82.0,0.0,4.7,ML,1604202365.0
427,beringovskiy,40.76,48.39,46.4,46.4,87.0,0.0,4.7,AZ,1604202365.0
428,boa vista,63.07,40.33,26.92,26.92,98.0,0.0,4.25,RU,1604202365.0
429,tungkang,-8.35,113.61,86.63,86.63,61.0,4.0,5.55,ID,1604202365.0
430,teguldet,43.41,-124.22,48.92,50.0,87.0,1.0,4.7,US,1604202366.0
431,rawson,30.48,-115.95,64.99,64.99,71.0,58.0,3.36,MX,1604202366.0
432,imbituba,36.57,-119.61,60.19,66.2,54.0,90.0,3.13,US,1604202127.0
433,cazaje,64.86,-147.8,6.91,10.0,84.0,90.0,1.03,US,1604202109.0
434,campbell river,-2.54,14.75,67.05,67.05,97.0,100.0,0.51,CG,1604202366.0
435,misratah,9.41,45.06,71.96,71.96,46.0,6.0,7.09,SO,1604202366.0
436,gwadar,-36.23,149.13,57.2,57.2,67.0,40.0,19.46,AU,1604202366.0
437,gat,32.0,-102.08,65.62,66.2,31.0,53.0,8.05,US,1604202304.0
438,nyurba,-17.73,-149.15,82.4,82.4,61.0,75.0,9.17,PF,1604202366.0
439,lefka,60.8,21.41,48.2,48.2,87.0,90.0,6.93,FI,1604202367.0
440,muriti,54.18,-6.34,52.0,52.0,85.0,100.0,8.99,GB,1604202367.0
441,ginda,46.73,-117.18,39.09,39.2,65.0,1.0,4.7,US,1604202085.0
442,ulkan,1.2,-70.17,72.63,72.63,98.0,97.0,2.98,CO,1604202367.0
443,codrington,49.42,10.96,48.07,48.2,93.0,75.0,4.7,DE,1604202367.0
444,vazhiny,18.77,84.42,84.18,84.18,61.0,56.0,0.85,IN,1604202367.0
445,opuwo,-35.17,173.17,69.35,69.35,65.0,0.0,4.61,NZ,1604202286.0
446,mecca,23.47,74.92,77.65,77.65,20.0,0.0,5.59,IN,1604202368.0
447,chenzhou,18.09,-15.98,69.8,69.8,77.0,0.0,2.24,MR,1604202368.0
448,bandar-e lengeh,36.62,-121.92,56.32,57.2,62.0,1.0,4.7,US,1604202368.0
449,basco,-16.78,-151.5,80.15,80.15,76.0,1.0,20.8,PF,1604202276.0
450,solsvik,64.9,45.76,28.4,28.4,96.0,54.0,5.41,RU,1604202368.0
451,kargil,46.08,6.41,45.34,52.0,93.0,0.0,3.36,FR,1604202368.0
452,vardo,10.47,123.7,87.8,87.8,70.0,90.0,16.11,PH,1604202335.0
453,rantauprapat,5.4,100.36,83.05,84.2,74.0,20.0,4.7,MY,1604202369.0
454,yuzhnyy-kospashskiy,31.45,12.98,51.06,51.06,90.0,0.0,2.59,LY,1604202369.0
455,bethel,10.57,72.64,84.2,84.2,79.0,40.0,3.36,IN,1604202369.0
456,harper,39.4,121.97,60.8,60.8,23.0,0.0,11.18,CN,1604202369.0
457,cap malheureux,34.67,70.21,70.39,70.39,17.0,0.0,3.49,AF,1604202369.0
458,vikarabad,36.37,30.29,66.11,66.11,60.0,0.0,5.7,TR,1604202370.0
459,el llano,24.9,-76.2,81.72,81.72,80.0,35.0,19.42,BS,1604202370.0
460,wanning,22.02,82.43,78.28,78.28,55.0,0.0,7.11,IN,1604202370.0
461,palmaner,7.45,126.58,87.78,87.78,64.0,99.0,10.49,PH,1604202370.0
462,namibe,51.8,68.33,37.38,37.38,71.0,94.0,7.07,KZ,1604202370.0
463,sinnamary,41.51,122.72,53.6,53.6,22.0,0.0,13.42,CN,1604202370.0
464,port hardy,18.69,12.92,66.45,66.45,40.0,0.0,14.05,NE,1604202370.0
465,quelimane,51.73,39.15,51.8,51.8,93.0,90.0,11.18,RU,1604202371.0
466,peniche,40.48,-106.83,35.8,39.0,55.0,1.0,3.6,US,1604202195.0
467,lompoc,57.39,21.56,46.4,46.4,87.0,90.0,6.93,LV,1604202371.0
468,nizhneyansk,38.42,77.24,49.62,49.62,44.0,0.0,1.5,CN,1604202371.0
469,palabuhanratu,-32.72,152.15,71.19,73.4,60.0,40.0,17.22,AU,1604202371.0
470,magistralnyy,-14.41,-56.45,73.42,73.42,72.0,51.0,3.94,BR,1604202371.0
471,kayes,50.45,-104.62,15.91,19.4,79.0,20.0,3.09,CA,1604202288.0
472,basqal,23.83,84.12,78.37,78.37,58.0,0.0,3.87,IN,1604202372.0
473,yemtsa,41.54,-8.62,60.48,62.6,93.0,90.0,9.17,PT,1604202372.0
474,ambulu,39.92,-7.46,54.64,57.0,95.0,100.0,1.01,PT,1604202372.0
475,north bend,26.22,50.58,78.8,78.8,61.0,0.0,2.24,BH,1604202372.0
476,san quintin,34.42,-79.37,55.22,55.99,87.0,90.0,6.93,US,1604202372.0
477,selma,12.06,-61.75,80.6,80.6,88.0,20.0,17.22,GD,1604202121.0
478,college,10.17,40.65,76.44,76.44,57.0,0.0,7.29,ET,1604202372.0
479,djambala,-23.36,-46.74,57.7,59.0,82.0,75.0,6.93,BR,1604202373.0
480,odweyne,29.27,82.18,65.21,65.21,28.0,0.0,1.1,NP,1604202373.0
481,cooma,32.9,-105.96,56.01,61.0,44.0,1.0,6.93,US,1604202325.0
482,midland,66.56,67.8,30.67,30.67,95.0,47.0,12.95,RU,1604202373.0
483,tautira,-8.77,160.7,82.67,82.67,79.0,75.0,1.1,SB,1604202373.0
484,jiddah,17.49,44.13,57.2,57.2,41.0,0.0,1.5,SA,1604202309.0
485,uusikaupunki,66.83,70.83,26.47,26.47,97.0,21.0,11.74,RU,1604202374.0
486,newry,22.68,-3.98,72.41,72.41,23.0,40.0,14.03,ML,1604202314.0
487,alotau,-16.92,35.26,72.7,72.7,88.0,40.0,5.55,MW,1604202374.0
488,pullman,45.48,133.42,55.06,55.06,42.0,26.0,19.37,RU,1604202374.0
489,mitu,18.9,-3.53,79.65,79.65,17.0,100.0,8.23,ML,1604202374.0
490,oberasbach,22.9,-83.16,77.25,77.25,86.0,8.0,8.79,CU,1604202375.0
491,palasa,27.26,33.81,75.2,75.2,64.0,0.0,5.82,EG,1604202220.0
492,ahipara,18.42,-95.12,69.15,69.15,95.0,84.0,4.5,MX,1604202375.0
493,sailana,-21.7,-57.88,69.28,69.28,73.0,0.0,5.1,BR,1604202375.0
494,nouakchott,43.87,-116.5,42.42,43.0,61.0,0.0,1.21,US,1604202375.0
495,taburao,20.2,1.01,72.86,72.86,22.0,44.0,9.57,ML,1604202375.0
496,pacific grove,-0.87,14.82,71.29,71.29,95.0,100.0,3.6,CG,1604202375.0
497,tevaitoa,-34.73,135.87,63.9,63.9,66.0,2.0,12.15,AU,1604202375.0
498,leshukonskoye,37.06,9.24,53.71,55.4,93.0,20.0,2.24,TN,1604202375.0
499,bonneville,64.25,-15.21,42.89,42.89,64.0,100.0,15.1,IS,1604202376.0
500,buanoy,28.45,104.72,58.87,58.87,71.0,100.0,2.71,CN,1604202376.0
501,butterworth,9.9,4.42,74.46,74.46,49.0,99.0,0.34,NG,1604202376.0
502,mizdah,29.18,74.77,77.34,77.34,16.0,0.0,6.31,IN,1604202376.0
503,tumannyy,36.19,-94.13,46.26,48.2,75.0,1.0,5.73,US,1604202376.0
504,kavaratti,51.23,-58.65,28.26,28.26,81.0,5.0,10.13,CA,1604202377.0
505,pulandian,43.67,-7.41,62.58,63.0,89.0,100.0,15.99,ES,1604202377.0
506,mehtar lam,51.41,57.59,40.01,40.01,65.0,64.0,4.27,RU,1604202377.0
507,kumluca,64.57,143.2,-5.06,-5.06,82.0,14.0,4.27,RU,1604202287.0
508,sumbawa,30.44,-84.28,66.94,68.0,82.0,90.0,5.82,US,1604202081.0
509,rock sound,11.18,40.02,63.79,63.79,73.0,0.0,2.33,ET,1604202377.0
510,akaltara,-10.4,40.33,71.6,71.6,100.0,40.0,5.82,TZ,1604202377.0
511,baculin,13.35,-15.75,75.43,75.43,43.0,97.0,3.04,GM,1604202378.0
512,atbasar,-4.13,104.17,83.84,83.84,71.0,98.0,1.66,ID,1604202378.0
513,liaozhong,20.5,-10.07,76.24,76.24,19.0,54.0,8.88,MR,1604202378.0
514,bilma,-8.32,114.23,89.11,89.11,51.0,8.0,4.92,ID,1604202378.0
515,podgornoye,39.64,34.47,48.22,48.22,54.0,25.0,0.89,TR,1604202378.0
516,steamboat springs,54.86,52.43,39.27,39.27,93.0,96.0,5.41,RU,1604202378.0
517,ventspils,-33.13,-64.35,53.98,55.99,61.0,0.0,5.99,AR,1604202378.0
518,shache,43.73,-1.05,54.9,62.01,93.0,100.0,1.12,FR,1604202379.0
519,nelson bay,48.93,-125.55,43.0,43.0,88.0,42.0,2.64,CA,1604202299.0
520,diamantino,41.24,119.4,50.52,50.52,36.0,0.0,15.08,CN,1604202379.0
521,regina,50.23,-63.6,17.6,17.6,78.0,1.0,9.37,CA,1604202379.0
522,barwadih,31.63,-8.01,60.8,60.8,48.0,0.0,3.36,MA,1604202379.0
523,umm durman,-8.16,-70.77,66.97,66.97,96.0,98.0,2.51,BR,1604202379.0
524,barcelos,27.52,88.53,81.95,81.95,16.0,0.0,4.65,IN,1604202380.0
525,alcains,6.87,-10.82,72.88,72.88,96.0,2.0,1.25,LR,1604202380.0
526,manama,-8.54,-37.69,76.57,76.57,67.0,71.0,9.42,BR,1604202380.0
527,dillon,66.42,112.4,1.4,1.4,84.0,0.0,4.47,RU,1604202380.0
528,saint-georges,40.8,30.75,51.8,51.8,100.0,75.0,4.7,TR,1604202381.0
529,gewane,-19.76,-44.31,65.01,66.2,93.0,75.0,8.05,BR,1604202381.0
530,caieiras,65.82,87.98,20.64,20.64,97.0,100.0,20.78,RU,1604202381.0
531,jumla,47.66,-70.16,28.44,30.2,63.0,39.0,9.17,CA,1604202381.0
532,alamogordo,21.52,70.47,83.35,83.35,27.0,0.0,6.15,IN,1604202381.0
533,kamenskoye,33.64,42.83,64.71,64.71,28.0,68.0,7.31,IQ,1604202382.0
534,aksarka,37.02,-93.21,48.47,51.01,76.0,0.0,7.2,US,1604202371.0
535,auki,1.24,23.62,70.7,70.7,94.0,90.0,1.25,CD,1604202272.0
536,najran,41.39,2.16,55.53,57.0,82.0,20.0,8.05,ES,1604202382.0
537,yar-sale,31.75,54.21,50.0,50.0,27.0,0.0,6.93,IR,1604202382.0
538,taoudenni,50.85,12.47,53.58,54.0,81.0,88.0,4.7,DE,1604202382.0
539,tsihombe,52.98,49.43,40.15,40.15,90.0,21.0,5.26,RU,1604202382.0
540,nsanje,13.81,-10.83,75.87,75.87,25.0,8.0,2.39,ML,1604202382.0
541,lesozavodsk,-45.87,170.5,57.0,57.0,72.0,93.0,8.99,NZ,1604202144.0
542,araouane,64.18,-51.72,23.0,23.0,92.0,100.0,13.87,GL,1604202383.0
543,bahia honda,-39.88,176.63,64.99,64.99,63.0,8.0,11.99,NZ,1604202383.0
544,hurghada,-6.22,155.63,84.7,84.7,66.0,54.0,3.96,PG,1604202383.0
545,catemaco,8.99,-79.52,73.83,77.0,94.0,97.0,1.12,PA,1604202293.0
546,porto murtinho,40.8,-124.16,46.38,48.99,100.0,40.0,2.01,US,1604202383.0
547,emmett,61.36,63.58,28.47,28.47,96.0,34.0,8.75,RU,1604202384.0
548,tessalit,41.5,-81.7,45.28,46.99,52.0,1.0,14.99,US,1604202253.0
549,ewo,-28.87,153.57,81.84,86.0,50.0,40.0,14.99,AU,1604202384.0
550,port lincoln,16.64,1.64,75.63,75.63,19.0,0.0,13.49,ML,1604202124.0
551,sajanan,11.28,-15.83,83.32,83.32,69.0,28.0,9.13,GW,1604202384.0
552,hofn,-3.28,-39.27,79.02,79.02,82.0,92.0,9.08,BR,1604202384.0
553,xunchang,7.58,0.6,72.32,72.32,80.0,92.0,0.98,TG,1604202385.0
554,wawa,11.23,79.83,83.73,83.73,66.0,37.0,3.83,IN,1604202385.0
555,nohar,-11.18,-61.9,73.04,73.04,69.0,95.0,0.92,BR,1604202385.0
556,springdale,66.02,12.63,48.96,50.0,57.0,96.0,29.97,NO,1604202385.0
557,saint-augustin,-33.04,-71.63,51.8,51.8,100.0,90.0,2.24,CL,1604202157.0
558,cervo,3.1,98.49,69.67,69.67,87.0,95.0,2.13,ID,1604202386.0
559,mednogorsk,12.58,-81.7,82.4,82.4,83.0,40.0,10.29,CO,1604202386.0
560,ust-nera,4.71,-74.23,55.4,55.4,87.0,75.0,4.7,CO,1604202386.0
561,tallahassee,44.93,130.53,50.27,50.27,45.0,0.0,18.81,CN,1604202386.0
562,bati,27.2,60.68,59.0,59.0,11.0,0.0,4.7,IR,1604202305.0
563,sataua,50.12,9.9,48.65,50.0,99.0,100.0,1.01,DE,1604202386.0
564,madimba,50.17,20.99,37.36,39.0,96.0,0.0,5.21,PL,1604202386.0
565,nioro,61.77,31.02,33.94,33.94,91.0,0.0,3.56,RU,1604202387.0
566,baturaja,-16.81,26.95,63.79,63.79,65.0,0.0,7.9,ZM,1604202387.0
567,adrar,-19.8,-174.35,77.0,77.0,83.0,90.0,18.34,TO,1604202387.0
568,singojuruh,33.59,-7.62,59.0,59.0,100.0,75.0,3.36,MA,1604202289.0
